地域階層,地域コード,地域,District,マーク Mark,総数 Total,宅地 Residential,その他 Other use,その他 Other use／うち屋外利用地 of which are open air,公園等 Parks etc.,未利用地等 Unused land etc.,道路等 Roads and others,道路等 Roads and others／うち道路 of which are roads,農用地 Farm use ,水面河川水路 Water space， rivers and canals ,森林 Woods and forests,原野 Fields
0,13100,区部,All ku,,62876.2,37062.4,2495.8,2447.4,4135.7,1302.5,13941.9,12014.8,484.4,2931.3,32.2,489.7
1,13101,千代田区,Chiyoda-ku,,1136.2,662.4,10.6,10.6,78,11.8,309.7,278.4,-,63.7,-,-
1,13102,中央区,Chuo-ku,,1045.4,454.4,16.6,16.6,62.5,42.3,305.1,304.3,-,164.6,-,-
1,13103,港区,Minato-ku,,2098.5,1293.9,47.5,47.5,157,34.3,500.5,448,-,65.1,0.1,0
1,13104,新宿区,Shinjuku-ku,,1828.5,1252.9,35.4,35.3,113.7,21.6,392.4,370.1,0.1,11.8,0.4,0.2
1,13105,文京区,Bunkyo-ku,,1138.3,794.7,19.1,19,82.9,12.8,223.9,219.7,0,5,-,-
1,13106,台東区,Taito-ku,,1007.8,579.3,19.3,19.3,80.3,7,281.9,267.2,0,40,-,-
1,13107,墨田区,Sumida-ku,,1371.1,765.5,46.4,46.4,91.9,15.1,347.3,320.7,-,99.2,-,5.7
1,13108,江東区,Koto-ku,,4482.5,2128.2,251.1,251.1,503.7,179.3,886.9,789.2,1,532.2,-,-
1,13109,品川区,Shinagawa-ku,,2344,1357.6,151.3,151.3,140.8,42.2,559.9,432.3,0,87.7,-,4.5
1,13110,目黒区,Meguro-ku,,1475.9,1083.8,32.5,32.3,47.5,25.5,275.9,265.4,1.7,8.7,-,0.4
1,13111,大田区,Ota-ku,,6315.6,3196.6,215,214.9,293.3,128.8,2056.2,958.2,3.2,358.4,1.7,62.6
1,13112,世田谷区,Setagaya-ku,,5808,3968,183.1,181.6,325.9,85,1045,1006.1,94,49.6,18.4,38.9
1,13113,渋谷区,Shibuya-ku,,1511.5,1038.5,25.5,25.5,93.3,34.5,316.8,291.5,0,2.8,-,-
1,13114,中野区,Nakano-ku,,1557.5,1118.4,44.5,44.4,58.7,26.4,295.5,276.9,2.4,11.6,0,-
1,13115,杉並区,Suginami-ku,,3390,2413.2,96.1,95,161.8,37.7,611.2,589.4,40.3,26.3,3.3,0
1,13116,豊島区,Toshima-ku,,1298.4,887,35.4,35.4,53,23.8,297.4,266.3,0.2,1.6,-,-
1,13117,北区,Kita-ku,,2056.6,1170.8,67.7,55.8,171.1,47.2,458,370.4,0.6,116.5,3.3,21.4
1,13118,荒川区,Arakawa-ku,,1024.2,610.1,43.7,43.7,60.2,18.7,241.2,189.2,0,50.1,-,-
1,13119,板橋区,Itabashi-ku,,3213.9,2007.8,140.3,140.3,231.4,45.1,663.6,639.1,19.2,82.1,0.5,23.8
1,13120,練馬区,Nerima-ku,,4818.5,3087.7,237,207.9,261.3,84.1,920.6,900,195.7,28,3.7,0.4
1,13121,足立区,Adachi-ku,,5320.1,2950.8,307.3,305.7,391.7,99.8,1121.9,1071.3,46.2,296.8,0.7,104.9
1,13122,葛飾区,Katsushika-ku,,3480.8,1844.1,167.9,166.1,277.6,42.5,716.8,670.5,32.9,306.1,-,92.9
1,13123,江戸川区,Edogawa-ku,,4865,2394.2,295.9,295.2,398.2,62.5,1011,988.3,46.8,522.4,0.2,133.9
1,,中央防波堤,Central Breakwater,1),287.7,2.7,6.5,6.5,-,174.4,103.1,102.3,-,1,-,-
0,13200,市部,All shi,,78399.2,29305.5,3281.6,2048.1,4454.5,1627.9,9366.1,8964.1,4530.2,1194.4,22334.9,2304.6
1,13201,八王子市,Hachioji-shi,,18653.2,4847.6,600.8,408.3,930,366.4,1782.6,1729.5,787.5,212.8,8498,627.5
1,13202,立川市,Tachikawa-shi,,2434.3,1199.9,261.3,123.3,175.2,103.9,374.8,353.6,240.5,18.8,36,24
1,13203,武蔵野市,Musashino-shi,,1076.4,749.5,27.7,27.6,71.7,11.5,181.9,173.3,28.6,4.9,0.6,0.1
1,13204,三鷹市,Mitaka-shi,,1645.7,1068.5,42.6,42,70.7,36.4,259.2,248.7,137.2,19.7,9.7,1.9
1,13205,青梅市,Ome-shi,,10330.6,1490.9,346.9,147.3,314.2,146,541.7,526,473.4,136.7,6729.4,151.4
1,13206,府中市,Fuchu-shi,,2929.8,1642.3,121.3,85.7,279.5,48.9,513.6,479.8,124,45.6,11.6,143.1
1,13207,昭島市,Akishima-shi,,1714,857.1,65.4,65.1,167.6,64.7,261.7,242.7,64.9,53.5,33.9,145.2
1,13208,調布市,Chofu-shi,,2159.4,1248.5,48.9,48.3,181.9,37.3,369.7,334.3,120.2,48.1,40,64.9
1,13209,町田市,Machida-shi,,7159.6,3300.7,230.6,228.5,448.7,126.4,1048.9,1028.9,459,72.8,1267.2,205.4
1,13210,小金井市,Koganei-shi,,1132.3,730.2,21.5,21.2,100.3,14.5,181.2,169.7,61.1,12.4,8.5,2.6
1,13211,小平市,Kodaira-shi,,2045.4,1270.7,75.8,65.8,147.7,24,317.9,301.1,168.5,7.3,31.4,2.2
1,13212,日野市,Hino-shi,,2741.6,1289,90.5,89.3,147.9,75.9,461.1,428.4,128.4,85.7,180.8,282.1
1,13213,東村山市,Higashimurayama-shi,,1715.5,978,67.1,66,100.7,38.5,275.2,254.9,146.7,16.9,70.8,21.6
1,13214,国分寺市,Kokubunji-shi,,1153.9,719.6,41.1,40.7,32.3,21.4,181.6,170,128.5,2.4,23.2,3.9
1,13215,国立市,Kunitachi-shi,,815.9,513.6,28.4,26.7,21.9,13.7,151.8,145.5,53.6,9.3,6.7,16.9
1,13218,福生市,Fussa-shi,,1018.4,386,367.1,47.8,38.7,10.3,137.6,126.9,13.9,11.5,17.4,36
1,13219,狛江市,Komae-shi,,642.8,395.9,14.9,14.7,23.8,7,109.6,106.2,31.4,23.9,5.7,30.5
1,13220,東大和市,Higashiyamato-shi,,1353.4,579.5,51.7,48.6,91,35.5,191.9,188.8,61,147.5,193.3,2.2
1,13221,清瀬市,Kiyose-shi,,1012,519.9,30.8,29.8,34.4,25.8,153.7,145.1,186.7,7.9,35.6,17.1
1,13222,東久留米市,Higashikurume-shi,,1288.8,752.7,43.8,43.5,53.5,20.5,221.4,218.9,147.8,7.8,32.9,8.3
1,13223,武蔵村山市,Musashimurayama-shi,,1542.9,670.3,156.3,57.2,38.2,87.9,182.4,182.4,184,10.4,206.2,7.2
1,13224,多摩市,Tama-shi,,2107.3,932.5,68.2,67.2,303.5,53.6,403.7,386,33.8,40.6,139.6,131.9
1,13225,稲城市,Inagi-shi,,1797,576.8,184.4,55.6,278.3,107.6,264.2,248.5,121.4,27.5,175.3,61.4
1,13227,羽村市,Hamura-shi,,995.7,570.9,85.8,44.2,41.9,22.4,150.3,145.1,37.7,23.9,17.3,45.5
1,13228,あきる野市,Akiruno-shi,,7342.4,1010.2,157.4,102.6,287.8,101.2,363.9,355.4,457.2,142,4553.5,269
1,13229,西東京市,Nishitokyo-shi,,1590.9,1004.7,51.3,51.1,73.1,26.6,284.5,274.4,133.2,4.5,10.3,2.7
0,13300,郡部,All gun,,37561.2,1147.3,647.6,173.2,105.2,109.8,529.7,517.6,638,581.3,33643.6,158.7
1,13303,瑞穂町,Mizuho-machi,,1683.8,537,308.4,87.2,39.7,47.9,171.4,166.5,257.1,5.1,309.2,8
1,13305,日の出町,Hinode-machi,,2805.2,339.2,91.9,39.9,38.1,36.8,111.9,111.9,129.8,25.7,1978.6,53.1
1,13307,檜原村,Hinohara-mura,,10537.9,99.1,52,14.9,4.8,7.2,91.3,91.3,154.4,50.7,10014.2,64.2
1,13308,奥多摩町,Okutama-machi,,22534.3,172,195.3,31.4,22.6,17.9,155,147.8,96.7,499.8,21341.6,33.5
0,13350,島部,All islands,,33482.4,1212.3,332.6,258.6,257.4,200.3,1059,745.6,1670,67.7,21967.1,6716.1
1,13361,大島町,Oshima-machi,,9077.9,453.7,90.8,87.7,101.6,53,299.1,217.7,330.6,17,5805.6,1926.4
1,13362,利島村,Toshima-mura,,406,15.3,2.9,2.9,2.9,0.3,18.4,11.2,9.2,0.1,273.5,83.3
1,13363,新島村,Niijima-mura,,2719.9,121.5,66.6,13.6,37.8,16,101.3,66.8,69.1,0.8,1904.9,402
1,13364,神津島村,Kozushima-mura,,1837.8,45.6,6.5,5.9,10.9,8.2,79.1,36.9,185.2,3.9,1012.3,486.1
1,13381,三宅村,Miyake-mura,,5523.5,138.8,90.2,90.2,7.2,24.5,162,118,93.9,27.1,2391.3,2588.5
1,13382,御蔵島村,Mikurajima-mura,,2039,9.6,1.2,1.2,3.2,0.7,20.1,15.1,28.7,0.6,1706,268.8
1,13401,八丈町,Hachijo-machi,,6906.6,351,36,31.9,67.9,82.3,308,218.9,837.5,8.8,4921,294.2
1,13402,青ヶ島村,Aogashima-mura,,595.4,15.5,3.3,3.3,0.8,5.2,13.5,11.1,42.8,0.1,337.9,176.2
1,13421,小笠原村,Ogasawara-mura,,4376.5,61.3,35.1,21.8,25.2,10,57.4,50,72.9,9.3,3614.6,490.6
,,,,,,,,,,,,,,,,
東京都統計年鑑（令和6年）TOKYO STATISTICAL YEARBOOK ( 2024 )　1  土地・気象 1   LAND AND CLIMATE,,,,,,,,,,,,,,,,
1-2 地域別土地利用面積（令和3年又は4年） 1-2 LAND USE BY DISTRICT ( 2021 or 2022 ）,,,,,,,,,,,,,,,,
区部は令和3年、市部、郡部、島部は令和4年の調査結果である。,,,,,,,,,,,,,,,,
Figures of 2021 for the metropolitan Ku areas and figures of 2022 for the Shi， Gun and Islands districts.,,,,,,,,,,,,,,,,
注 1) 地域の「中央防波堤」 は、中央防波堤付近の埋立地を示している。,,,,,,,,,,,,,,,,
2) 土地利用区分の凡例   ,,,,,,,,,,,,,,,,
その他：屋外利用地、 採石場、 ごみ捨て場等,,,,,,,,,,,,,,,,
屋外利用地：太陽光発電システムを直接整備している土地、 平面駐車場、 材料置き場、  屋外展示場、 飯場等,,,,,,,,,,,,,,,,
公園等：公園緑地、 運動場、 野球場、 遊園地、 ゴルフ場、 テニスコート、 墓地等,,,,,,,,,,,,,,,,
未利用地等：未建築宅地、 区画整理中の宅地、 取りこわし跡地、 廃屋、 埋め立て地等,,,,,,,,,,,,,,,,
道路等：道路、 鉄道、 軌道、 モノレール、 空港、 港湾,,,,,,,,,,,,,,,,
道路：街路、 歩行者道路、 自転車道路、 農道、 林道、 団地内通路,,,,,,,,,,,,,,,,
農用地：田、 畑、 樹園地、 採草放牧地,,,,,,,,,,,,,,,,
水面・河川・水路：河川、 運河、 湖沼、 遊水池等,,,,,,,,,,,,,,,,
森林：樹林、 竹林、山地、竹木が集団的に生育する土地等,,,,,,,,,,,,,,,,
原野：野草地等小かん木類が生育する自然のままの土地、 荒地等,,,,,,,,,,,,,,,,
Note: 1)  Indicates reclaimed land in the vicinity of the Central Breakwater. ,,,,,,,,,,,,,,,,
2) Details of land use category:  ,,,,,,,,,,,,,,,,
Other use: Open-air areas， quarries， refuse dumping-grounds， etc.,,,,,,,,,,,,,,,,
Open air: Land equipped with solar power generation systems， level parking lots， storage yards， exhibition space， construction camps， etc.,,,,,,,,,,,,,,,,
Parks， etc.: Parks， athletic fields， baseball grounds， amusement parks， golf links， tennis courts， cemeteries， etc.,,,,,,,,,,,,,,,,
Unused land， etc.: Residential sites prior to construction， residential lands under land readjustment， demolished sites， deserted buildings， reclaimed land， etc.,,,,,,,,,,,,,,,,
Roads and others: Roads， railway tracks， monorail tracks， airports， seaports.,,,,,,,,,,,,,,,,
Roads: Urban roads， pavements， bicycle roads， farm roads， forest roads， private roads within apartment blocks.,,,,,,,,,,,,,,,,
Farm use: Rice paddies， ordinary fields， orchards， grazing lands.,,,,,,,,,,,,,,,,
Water space， rivers and canals: Rivers， canals， lakes， ponds， etc.,,,,,,,,,,,,,,,,
Woods and forests: Woodlands， bamboo groves， mountainous areas， bamboo forests， etc.,,,,,,,,,,,,,,,,
Fields: Grasslands and other uncultivated land with shrubbery， wastelands， etc.,,,,,,,,,,,,,,,,
資料：都都市整備局都市づくり政策部土地利用計画課「東京の土地利用」 Source: Bureau of Urban Development， TMG,,,,,,,,,,,,,,,,
地域階層（0:区部・市部・郡部・島部　1:区市町村）,,,,,,,,,,,,,,,,
（単位　ヘクタ－ル）(In hectare),,,,,,,,,,,,,,,,
