年次,Year,地域階層,地域コード,地域,District,総数 Total ,宅地 Land for buildings／計  Total ,宅地 Land for buildings／商業地区 Commercial district ,宅地 Land for buildings／工業地区 Industrial district ,宅地 Land for buildings／住宅地区 Residential district ,宅地 Land for buildings／その他  Others 1),田 Paddy fields  ,畑 Ordinary fields  ,山林 Forests  ,原野 Waste land  ,池沼 Ponds and swamps  ,雑種地 Miscellaneous land 2),免税点未満 Land under the legal tax exemption limit 3)
令和2,2020,0,13000,東京都,Tokyo-to,102575.92,57864.18,2880.09,3344.23,50216.28,1423.59,274.06,7650.04,24317.36,1792.13,11.94,4579.15,6087.06
令和3,2021,0,13000,東京都,Tokyo-to,102429.13,57943.58,2907.94,3152.33,50468.78,1414.51,268.18,7551.04,24207.17,1767.38,11.75,4534.98,6145.02
令和4,2022,0,13000,東京都,Tokyo-to,102293.37,58036.46,2912.58,3173.97,50537.72,1412.21,263.72,7448.27,24101.35,1767.13,11.75,4523.82,6140.92
令和5,2023,0,13000,東京都,Tokyo-to,102209.19,58140.09,2917.18,3179.87,50622.49,1420.55,260.18,7360.7,24011.98,1759.93,11.73,4508.65,6156
令和6,2024,0,13000,東京都,Tokyo-to,102060.5,58239.23,2921.32,3147.38,50752.41,1418.14,252.47,7231.73,23917.63,1755.24,11.67,4546.26,6106.26
令和6,2024,1,13100,区部,All ku          　,33195.87,31655.52,2027.22,1400.8,28226.24,1.26,0.37,407.04,12.26,-,5.83,1102.17,12.67
令和6,2024,3,13101,千代田区,Chiyoda-ku,407.31,366.4,316.23,-,50.17,-,-,-,-,-,-,40.9,0.01
令和6,2024,3,13102,中央区,Chuo-ku,405.69,404.93,247.56,8.89,148.48,-,-,-,-,-,-,0.74,0.02
令和6,2024,3,13103,港区,Minato-ku,999.36,935.37,311.66,21.28,602.43,-,-,-,-,-,0.06,63.89,0.04
令和6,2024,3,13104,新宿区,Shinjuku-ku,1016.4,985.97,119.14,0.68,866.15,-,-,-,-,-,-,30.26,0.17
令和6,2024,3,13105,文京区,Bunkyo-ku,595.53,588.31,72.01,2.8,513.5,-,-,-,-,-,-,7.06,0.16
令和6,2024,3,13106,台東区,Taito-ku,480.63,453.63,246.88,-,206.75,-,-,-,-,-,-,26.9,0.1
令和6,2024,3,13107,墨田区,Sumida-ku,708.16,683.18,46.39,65.81,570.98,-,-,-,-,-,-,24.77,0.21
令和6,2024,3,13108,江東区,Koto-ku,1565.61,1500.59,80.59,373.98,1046.02,-,-,-,-,-,4.72,59.99,0.31
令和6,2024,3,13109,品川区,Shinagawa-ku,1360.72,1150.9,78.9,137.36,934.64,-,-,-,0.1,-,-,209.46,0.26
令和6,2024,3,13110,目黒区,Meguro-ku,927.43,910.91,31.38,-,879.53,-,-,1.91,0.55,-,-,13.84,0.22
令和6,2024,3,13111,大田区,Ota-ku,2578.49,2501.17,31.56,229.12,2240.47,0.02,-,2.63,1.03,-,0.15,72.69,0.82
令和6,2024,3,13112,世田谷区,Setagaya-ku,3667.28,3513.35,24.96,-,3488.16,0.23,-,84.46,4.6,-,-,63.35,1.52
令和6,2024,3,13113,渋谷区,Shibuya-ku,848.23,812.39,126.38,-,686.01,-,-,-,-,-,-,35.78,0.06
令和6,2024,3,13114,中野区,Nakano-ku,1035.05,1006.49,17.72,-,988.77,-,-,1.73,0.13,-,-,26.23,0.47
令和6,2024,3,13115,杉並区,Suginami-ku,2235.19,2164.59,17.38,-,2147.17,0.04,-,31.37,0.85,-,0.16,37.28,0.94
令和6,2024,3,13116,豊島区,Toshima-ku,815.03,777.07,92.17,-,684.9,-,-,-,-,-,-,37.64,0.32
令和6,2024,3,13117,北区,Kita-ku,1043.49,951.44,20.21,44.54,886.69,-,-,0.3,0.74,-,-,90.49,0.52
令和6,2024,3,13118,荒川区,Arakawa-ku,584.8,535.35,15.94,71.02,448.39,-,-,-,-,-,-,49.21,0.24
令和6,2024,3,13119,板橋区,Itabashi-ku,1849.33,1810.83,15.31,132.17,1663.29,0.06,-,11.21,1.63,-,-,24.85,0.81
令和6,2024,3,13120,練馬区,Nerima-ku,3085.99,2871.03,7.74,-,2862.83,0.46,-,170.09,2.62,-,-,39.64,2.61
令和6,2024,3,13121,足立区,Adachi-ku,2847.23,2738.21,34.92,149.23,2553.97,0.09,0.37,38.62,-,-,-,68.79,1.24
令和6,2024,3,13122,葛飾区,Katsushika-ku,1738.61,1659.52,39.29,55.39,1564.78,0.06,-,27.76,-,-,0.02,50.35,0.96
令和6,2024,3,13123,江戸川区,Edogawa-ku,2400.43,2334.05,32.92,108.54,2192.28,0.31,-,36.97,-,-,0.72,28.04,0.65
令和6,2024,1,13200,市部,All shi,42638.71,24943.25,854.11,1547.04,21822.44,719.68,243.84,3814.99,8605.79,1144.84,3.77,2935.72,946.53
令和6,2024,3,13201,八王子市,Hachioji-shi,9021.08,3900.07,59.45,146.17,3242.74,451.71,57.59,635.52,2938.18,416.4,2.85,761.05,309.42
令和6,2024,3,13202,立川市,Tachikawa-shi,1387.78,1099.73,70.13,109.75,919.35,0.51,-,230.81,2.34,-,-,50.58,4.31
令和6,2024,3,13203,武蔵野市,Musashino-shi,678.02,636.8,54.13,17.2,565.47,-,-,24.01,0.02,-,-,16.1,1.09
令和6,2024,3,13204,三鷹市,Mitaka-shi,1022.85,874.49,30.43,29.51,813.8,0.75,-,133.74,1.19,-,0.01,10.7,2.73
令和6,2024,3,13205,青梅市,Ome-shi,6028.49,1280.4,18.32,120.18,1036.11,105.79,16.19,364.26,3242.01,509.27,0.46,383.85,232.04
令和6,2024,3,13206,府中市,Fuchu-shi,1512.2,1310.72,29.88,196.58,1084.26,-,36.51,67.89,-,-,-,93,4.07
令和6,2024,3,13207,昭島市,Akishima-shi,919.71,769.34,54.81,120.5,594.02,0.01,5.58,47.15,15.73,0.03,0.07,79.9,1.91
令和6,2024,3,13208,調布市,Chofu-shi,1194.57,1039.54,29.09,20.9,989.54,0.01,7.03,109.09,2.18,-,-,33.97,2.76
令和6,2024,3,13209,町田市,Machida-shi,4156.42,2873.24,86.09,59.14,2661.49,66.52,38.51,397.84,459.36,-,-,281.58,105.88
令和6,2024,3,13210,小金井市,Koganei-shi,661.76,584.5,18.51,0.65,565.34,-,-,54.22,1.04,-,-,19.62,2.39
令和6,2024,3,13211,小平市,Kodaira-shi,1311.6,1047.96,25.28,69.81,952.7,0.17,-,156.05,2.17,-,-,101.92,3.5
令和6,2024,3,13212,日野市,Hino-shi,1440.48,1154.04,10.75,182.67,960.43,0.2,11.58,103.14,49.93,-,-,111.47,10.32
令和6,2024,3,13213,東村山市,Higashimurayama-shi,988.58,789.61,18.99,46.28,724.34,-,0.64,127.29,8.17,-,-,59.17,3.71
令和6,2024,3,13214,国分寺市,Kokubunji-shi,804.26,655.1,12.51,23.93,618.59,0.07,-,119.63,2.86,-,-,24.82,1.85
令和6,2024,3,13215,国立市,Kunitachi-shi,476.91,417.67,17.62,25.92,374.06,0.07,7.7,39.75,0.87,-,-,10.22,0.7
令和6,2024,3,13218,福生市,Fussa-shi,390.61,365.61,18.74,11.5,335.37,-,-,9.26,1.04,-,-,14.32,0.38
令和6,2024,3,13219,狛江市,Komae-shi,398.99,350.67,17.58,-,333.09,-,-,31.73,0.74,-,-,15.09,0.75
令和6,2024,3,13220,東大和市,Higashiyamato-shi,605.43,527.11,14.76,21.31,491.02,0.02,-,50.18,16.86,-,-,8.4,2.88
令和6,2024,3,13221,清瀬市,Kiyose-shi,587.34,377.56,12.44,8.39,356.54,0.19,-,164.93,6.29,-,-,32.73,5.83
令和6,2024,3,13222,東久留米市,Higashikurume-shi,839.89,684.19,34.25,19.81,624.53,5.6,-,128.5,3.71,-,-,17.59,5.91
令和6,2024,3,13223,武蔵村山市,Musashimurayama-shi,883.36,553.24,33.35,77.96,441.91,0.02,0.32,145.68,34.91,0.98,-,118,30.24
令和6,2024,3,13224,多摩市,Tama-shi,1017.12,826.64,117.78,-,708.86,-,1.97,31.31,32.05,-,-,124.56,0.59
令和6,2024,3,13225,稲城市,Inagi-shi,934.09,520.69,17.95,10.46,490.81,1.47,6.6,101.88,102.98,4.21,-,191.25,6.48
令和6,2024,3,13227,羽村市,Hamura-shi,608.4,550.63,19.14,170.89,360.55,0.05,4.67,27.66,4.3,-,0.36,14.35,6.44
令和6,2024,3,13228,あきる野市,Akiruno-shi,3719.16,852.09,6.54,43.51,715.52,86.52,48.95,402.66,1676.43,213.95,0.02,327.63,197.44
令和6,2024,3,13229,西東京市,Nishitokyo-shi,1049.61,901.61,25.59,14.02,862,-,-,110.81,0.43,-,-,33.85,2.91
令和6,2024,1,13300,郡部,All gun,12727.27,883.6,39.99,199.54,391.7,252.37,7.05,658.09,9670.18,502.07,2.07,203.28,800.92
令和6,2024,3,13303,瑞穂町,Mizuho-machi,930.47,507.93,28.97,180.63,242.01,56.32,-,239.89,48.42,0.12,-,87.23,46.88
令和6,2024,3,13305,日の出町,Hinode-machi,1722.06,250.41,11.02,18.91,137.16,83.32,2.55,135.84,1000.94,168.54,-,71.51,92.26
令和6,2024,3,13307,檜原村,Hinohara-mura,4568.84,41.87,-,-,-,41.87,0.32,171.12,3866.75,316.14,-,15.43,157.21
令和6,2024,3,13308,奥多摩町,Okutama-machi,5505.9,83.39,-,-,12.53,70.86,4.18,111.24,4754.07,17.27,2.07,29.11,504.57
令和6,2024,1,13350,島部,All islands,13498.65,756.86,-,-,312.03,444.83,1.21,2351.61,5629.4,108.33,-,305.09,4346.14
令和6,2024,2,13360,大島支庁,Oshima-shicho,5568.85,375.46,-,-,51.45,324.01,-,1244.12,2280.8,40.82,-,102.39,1525.26
令和6,2024,3,13361,大島町,Oshima-machi,4253.09,277.6,-,-,51.45,226.15,-,876.5,1729.13,35.28,-,90.86,1243.71
令和6,2024,3,13362,利島村,Toshima-mura,228.93,6,-,-,-,6,-,20.92,126.04,5.54,-,1.77,68.67
令和6,2024,3,13363,新島村,Niijima-mura,586.36,67.92,-,-,-,67.92,-,209.25,193.04,-,-,8.75,107.4
令和6,2024,3,13364,神津島村,Kozushima-mura,500.47,23.94,-,-,-,23.94,-,137.45,232.59,-,-,1.01,105.48
令和6,2024,2,13380,三宅支庁,Miyake-shicho,3111.77,92.81,-,-,-,92.81,-,603.7,1320.55,34.86,-,172.71,887.15
令和6,2024,3,13381,三宅村,Miyake-mura,2786.42,88.62,-,-,-,88.62,-,569.03,1059.28,34.86,-,172.71,861.93
令和6,2024,3,13382,御蔵島村,Mikurajima-mura,325.35,4.19,-,-,-,4.19,-,34.67,261.27,-,-,-,25.22
令和6,2024,2,13400,八丈支庁,Hachijo-shicho,4294.98,268.08,-,-,260.58,7.5,1.21,474.57,1946.32,32.63,-,28.16,1543.99
令和6,2024,3,13401,八丈町,Hachijo-machi,4163.87,260.58,-,-,260.58,-,1.21,461.85,1910.72,6.51,-,26.6,1496.38
令和6,2024,3,13402,青ヶ島村,Aogashima-mura,131.11,7.5,-,-,-,7.5,-,12.72,35.6,26.12,-,1.56,47.61
令和6,2024,2,13420,小笠原支庁,Ogasawara-shicho,523.05,20.51,-,-,-,20.51,-,29.22,81.73,0.02,-,1.83,389.74
令和6,2024,3,13421,小笠原村,Ogasawara-mura,523.05,20.51,-,-,-,20.51,-,29.22,81.73,0.02,-,1.83,389.74
,,,,,,,,,,,,,,,,,,
東京都統計年鑑（令和6年）TOKYO STATISTICAL YEARBOOK ( 2024 )　1  土地・気象 1   LAND AND CLIMATE,,,,,,,,,,,,,,,,,,
1-3 地域、地目別土地面積 1-3 LAND AREA BY DISTRICT AND CATEGORY,,,,,,,,,,,,,,,,,,
この表は、各年1月1日現在の固定資産税の対象となる土地面積である。また、国・公有地、公共用地、墓地、道路、用水路、溜池、保安林、私立学校用地、宗教法人の境内など、固定資産税が非課税とされている土地は除かれている。,,,,,,,,,,,,,,,,,,
Figures refer to land area subject to assessment for the fixed assets tax as of Jan. 1 of the year stated. It does not include land that is exempted from the fixed assets tax， including national and local government-owned land， land for public use， graveyards， roads， irrigation channels， reservoirs， reserved forests， private school sites， compounds of religious bodies， etc.,,,,,,,,,,,,,,,,,,
注 1) 宅地のその他は、村落又は観光地区(市、郡、島部)、農業用施設の用に供する宅地及び生産緑地区内の宅地である。,,,,,,,,,,,,,,,,,,
2) 雑種地とは宅地、田、畑、山林、原野、池沼以外の土地で、野球場、テニスコート、ゴルフ場、運動場、高圧鉄塔敷地、軌道用地等をいう。,,,,,,,,,,,,,,,,,,
3) 免税点未満とは、土地に対して課する固定資産税の課税標準となるべき額が30万円に満たないものである。,,,,,,,,,,,,,,,,,,
4) 三宅村の原野には22.92haの牧場を含む。,,,,,,,,,,,,,,,,,,
5) 八丈町の原野には5.43haの牧場を含む。,,,,,,,,,,,,,,,,,,
6) 青ヶ島村の原野には9.46haの牧場を含む。,,,,,,,,,,,,,,,,,,
7) 端数処理のため各項の和と表示した総数は必ずしも一致しない。,,,,,,,,,,,,,,,,,,
"Note: 1) ""Others"" in land for buildings are villages and tourist destinations  (shi， gun and island areas)， housing lands used for agricultural facilities， and housing lands located in productive green areas.",,,,,,,,,,,,,,,,,,
"2) ""Miscellaneous land"" indicates baseball grounds， tennis courts， golf links， playgrounds， high-voltage transmission tower sites， railway sites， etc.， that do not fall under the other categories.",,,,,,,,,,,,,,,,,,
3) Land under the legal tax exemption limit refers to land with a tax base for fixed asset tax of less than 300，000 yen.,,,,,,,,,,,,,,,,,,
4) Waste land of Miyake-mura includes 22.92ha of pasture.,,,,,,,,,,,,,,,,,,
5) Waste land of Hachijo-machi includes 5.43ha of pasture.,,,,,,,,,,,,,,,,,,
6) Waste land of Aogashima-mura includes 9.46ha of pasture.,,,,,,,,,,,,,,,,,,
7) Figures may not add up to the totals shown due to rounding of figures.,,,,,,,,,,,,,,,,,,
資料：都主税局資産税部固定資産税課 （区部）、都総務局行政部市町村課 （市部、 郡部、 島部） Source : Bureau of Taxation， TMG (All ku);  Bureau of General Affairs， TMG (All shi， gun and islands),,,,,,,,,,,,,,,,,,
地域階層（0:東京都　1:区部・市部・郡部・島部　2:各支庁　3:区市町村）,,,,,,,,,,,,,,,,,,
（単位　ヘクタ－ル）(In hectare),,,,,,,,,,,,,,,,,,
